Label,# Samples,Average,Min,Max,Std. Dev.,Error %,Throughput,Received KB/sec,Sent KB/sec,Avg. Bytes
getBank,500,97,32,467,78.06,0.000%,218.05495,193.35,33.86,908.0
getBanks,500,98,32,484,79.47,0.000%,217.58050,195.48,32.51,920.0
getTransactions-1000203891,150,272,111,760,116.56,0.000%,42.25352,1941.31,15.85,47047.0
TOTAL,1150,120,32,760,102.96,0.000%,323.57907,2190.27,58.69,6931.3
